gene,shap_importance
TMB,1.3184845
TP53,0.40866536
PTEN,0.14873149
APC,0.1449249
PIK3CA,0.13606112
BRAF,0.117304586
KRAS,0.094712116
TTN,0.08385292
MUC16,0.068669066
VHL,0.057529077
LRP1B,0.05737668
SYNE1,0.0553405
CSMD3,0.054084655
EGFR,0.05292572
RYR2,0.0488006
PIK3R1,0.04568929
DNAH5,0.04529031
PBRM1,0.04251813
NF1,0.04058772
NRAS,0.03863784
CTNNB1,0.037665565
USH2A,0.029602485
DSCAM,0.028802173
KMT2C,0.02871335
PCLO,0.028391642
BAP1,0.02759641
ZFHX4,0.02586401
FLG,0.023105815
SF3B1,0.022986155
ARID1A,0.022759898
FBXW7,0.0224657
KEAP1,0.021876939
MUC17,0.021637762
SPTA1,0.02112422
ANK3,0.020107806
KMT2D,0.020051973
KIAA0100,0.020021113
OBSCN,0.01999574
XIRP2,0.019510724
ADAMTS12,0.01873667
FAM135B,0.018662684
GATA3,0.018251589
RNF43,0.01804063
CDH1,0.017977757
PAPPA2,0.017616903
HYDIN,0.017451663
AHNAK2,0.016680732
ATRX,0.016484596
RB1,0.016475083
ABCA13,0.016277123
GRIN2A,0.015739214
FAT4,0.015527909
RYR3,0.01552672
CACNA1E,0.014795714
ADGRV1,0.014530443
PKHD1L1,0.014247922
FAT3,0.014167903
DNAH7,0.014129746
NAV3,0.013809758
PKHD1,0.013736352
MACF1,0.013647599
LRP2,0.013516627
RP1,0.012807808
PCDH15,0.012304455
CDKN2A,0.012186338
ATM,0.012159995
DMD,0.012121224
KIT,0.011619728
MGAM,0.011579731
ANK2,0.011558085
CDH10,0.011483855
ADGRB3,0.0111220805
DNAH8,0.0110346945
CUBN,0.01099842
SPEF2,0.0109724365
CELSR1,0.010755599
HMCN1,0.010726275
MXRA5,0.010662687
DST,0.0105983075
TNR,0.010594983
COL11A1,0.010546597
SETD2,0.010443859
RYR1,0.0103845745
CDH9,0.010371912
COL6A3,0.010295174
NFE2L2,0.010058901
MYH2,0.0099988915
CUX2,0.009881009
ALB,0.009876744
PLXNA4,0.009791002
FBN2,0.009786609
PTPRD,0.009672714
COL12A1,0.0096704485
TRPS1,0.009623367
CACNA1B,0.009580547
MYH8,0.00939854
DNAH9,0.009381387
LAMA2,0.009337803
CSMD2,0.009334632
DNAH3,0.008750678
PRDM9,0.008746436
MDN1,0.008682165
NALCN,0.008658817
CDK12,0.008647103
COL6A6,0.0086208
MAP3K1,0.008574591
LRP1,0.008550975
RIMS2,0.008414325
FLG2,0.008372445
PIK3CG,0.008360467
CNTNAP5,0.008359564
KCNT2,0.008307733
VPS13B,0.008278576
PCDHB3,0.008175054
BRCA1,0.008048338
ZNF831,0.008018473
PREX2,0.007966706
SYNE2,0.007857146
AHNAK,0.007644065
AKAP9,0.0075088297
HCN1,0.0074035437
LAMA3,0.007190875
RELN,0.007064122
COL14A1,0.007044879
MUC5B,0.00699826
DPP10,0.0069650994
LAMA5,0.0069170487
SACS,0.006893937
ZNF423,0.006869111
ZNF804B,0.006844895
TDRD5,0.006770995
LAMA4,0.0067080995
SPEN,0.0066756518
PTPRT,0.006645861
PLEC,0.0064552156
FAT1,0.006449303
DYNC1H1,0.006448647
NEB,0.0064108307
MYCBP2,0.006372943
DOCK3,0.006358725
ACVR2A,0.0063378094
CMYA5,0.0062570483
VCAN,0.006163167
DYNC2H1,0.0060797944
PEG3,0.006077226
CSMD1,0.005992782
MET,0.005989423
LAMA1,0.0059117684
LYST,0.0058450974
PLCB4,0.0057325643
SDK1,0.0057164254
SI,0.00562572
KIF4B,0.005601182
ASXL3,0.0055710273
SMARCA4,0.005510198
ASPM,0.005508037
SCN10A,0.005504168
MYT1L,0.0054794466
FBN1,0.00547778
PCDHA6,0.0054496704
TLN2,0.0054305694
SMAD4,0.005429346
ZNF236,0.0053998
SPEG,0.0053771148
GRM1,0.005345411
SCN9A,0.005314395
DGKK,0.0052842875
COL22A1,0.005268424
CNTLN,0.0052390946
CFAP47,0.00521928
MED12,0.005218293
LCT,0.0051738927
EPHA4,0.0051288432
SCN1A,0.005063178
MYO9B,0.0050567966
ZNF536,0.0050554187
RTTN,0.0049877907
PRUNE2,0.004955883
ZFHX3,0.004940278
CRB1,0.0049098493
UNC5D,0.0048579737
F8,0.004832396
SCN5A,0.004830949
MYO18B,0.004823691
PRKDC,0.004754128
DSP,0.0047183824
NLGN1,0.0047019743
KEL,0.0046949526
ARID1B,0.0046375627
TLR4,0.004632157
ADCY8,0.0045459433
TEX15,0.004516045
ADGRL3,0.0044852365
CACNA1H,0.004472521
COL4A1,0.0043981713
CTNNA2,0.004344294
TCHH,0.0043424685
ZNF804A,0.004331865
SPTB,0.004315316
DCHS1,0.0043060523
ANO4,0.0042967442
MYO10,0.004244165
FRMPD4,0.0042297756
ANK1,0.004214819
N4BP2,0.0042144917
CACNA1C,0.004195536
UNC13C,0.004184964
NPAP1,0.004117062
FAM47B,0.004091807
BMPR2,0.004068894
TSHZ3,0.0040544607
POLQ,0.004048087
BRINP3,0.004033118
TNN,0.004016608
DNAH17,0.0040058717
BCL11A,0.0040052203
AKAP6,0.0039954833
FREM2,0.0039615356
PIK3C2B,0.0039532287
SPHKAP,0.0039261677
JCAD,0.0039041287
KMT2B,0.0038964835
DNAH10,0.00388596
MROH2B,0.0038662434
MYOM2,0.0038582399
NBEA,0.0038315
OCA2,0.003823924
SORCS3,0.003813544
FCGBP,0.0037984855
FAT2,0.0037562368
ROS1,0.003753451
TBX3,0.0037386462
ADAMTS18,0.0037315963
HSPG2,0.0037260666
BIRC6,0.0037087412
DNAH11,0.0036786527
DOCK5,0.0036747337
VPS13C,0.003659156
FMN2,0.0036470452
CFAP61,0.003639573
MYH4,0.00362296
KMT2A,0.0036207149
ABCA1,0.0035949547
ARHGAP35,0.0035810363
APOB,0.0035806512
OSMR,0.0035798321
KCNB2,0.0035769667
NRXN1,0.0035553616
RAG1,0.0035452014
ARAP2,0.0035447986
PDZD2,0.0035284837
BRCA2,0.0035211793
PDGFRA,0.003502174
SHPRH,0.0034794826
ERICH3,0.0034657996
RP1L1,0.0034625498
CFH,0.0034597192
PLPPR4,0.0034577444
DZIP3,0.0034482244
USP28,0.0034376706
WDFY3,0.0034330832
NLRP8,0.0034274305
COL7A1,0.0034052783
MYO7A,0.0033821703
IGSF1,0.00337289
ZNF208,0.0033480467
HEPH,0.0033351476
SLC9C1,0.00331705
OR2M2,0.0033106375
ASTN1,0.0033050324
ZDBF2,0.003296706
PCDHB11,0.0032528942
MMP16,0.0032306474
NRK,0.0032242949
IMPG2,0.0032174909
ZBBX,0.003200462
CPS1,0.0031906154
NCOR1,0.0031553665
DISP3,0.0031504172
GABRA6,0.0031476805
FRAS1,0.0031391557
FSTL5,0.0031248378
CD163,0.003101239
CHD4,0.0030909586
SLIT3,0.00308732
PCDHA3,0.003086146
GRM3,0.0030804113
UGGT2,0.0030572684
COL4A6,0.0030527778
TRPM6,0.0030414092
GRIA4,0.0030244982
GON4L,0.003014181
ZAN,0.003013463
MKI67,0.0030079081
EPB41L3,0.00300595
ERBB4,0.00298507
SMG1,0.0029828176
GRIA2,0.0029162797
CREBBP,0.0029144315
SETX,0.002913984
FOLH1,0.0029130054
UBR4,0.0028866704
PCDHGA2,0.0028822336
ABCA12,0.0028386023
FBN3,0.002833604
ADGRG4,0.002833196
SCN2A,0.0028312241
NCOA6,0.0028277556
SALL3,0.0028057427
RASGRF2,0.0027999096
THSD7B,0.0027997564
FSCB,0.0027843367
FASN,0.0027755522
ATR,0.0027648618
KDM6A,0.0027451203
GRM8,0.002732153
TRRAP,0.002730143
KLHL1,0.002729509
ADCY2,0.0027021416
HECTD4,0.0026973593
PCDHGA5,0.0026972597
PCDH11X,0.0026849622
MYO15A,0.0026772518
DSG3,0.0026676632
ICE1,0.0026527047
PCNT,0.0026485967
CNTNAP4,0.0026434818
NIPBL,0.0026290447
RESF1,0.0026252721
OR4N2,0.0026154064
USP9X,0.002613074
ADAMTS2,0.0025937357
GRIN2B,0.0025855876
LRRC4C,0.0025597278
SPATA31E1,0.0025567692
NPAS4,0.0025426855
CUL9,0.002540585
KPRP,0.002538846
TAF1L,0.0025156364
PTPRN2,0.002512356
CFAP54,0.0025109784
MYPN,0.0025109372
SLCO6A1,0.0024941918
CLCN1,0.0024920134
ACTN2,0.002472525
RIMS1,0.0024701776
ZEB1,0.002469276
CAD,0.002467254
FAM47C,0.0024540278
ADAM29,0.0024484294
GRIA1,0.0024442873
ABCA4,0.0024390358
ENPEP,0.0024331484
USP34,0.0024320874
NCKAP5,0.002424534
HUWE1,0.002399503
ANKRD12,0.0023803846
TENM2,0.002372034
ATP10B,0.0023715068
FRMPD1,0.002365351
PCDH11Y,0.002363001
SLC8A1,0.0023575653
GPR149,0.0023524696
AHCTF1,0.0023447764
MAGEC3,0.0023396558
F13A1,0.0023088525
CHD6,0.0022979502
TENM4,0.0022969586
SZT2,0.002296109
DOCK2,0.0022838414
TENM3,0.002282772
PTPRB,0.0022738557
DOCK11,0.00227244
SALL1,0.0022606733
SRCAP,0.0022538858
NETO1,0.00224554
DPYD,0.0022427863
ASH1L,0.002229307
GALNT17,0.00222717
MTOR,0.0022047663
MAP1A,0.0021987325
F5,0.0021966833
BCORL1,0.0021905957
WDR72,0.0021872502
SCN11A,0.0021840197
TRANK1,0.002168031
PCDHB5,0.0021561414
CHD7,0.0021486552
NBAS,0.002141277
ATP10A,0.002137752
ITGA10,0.0021202848
NRCAM,0.0021084268
TLN1,0.0021034973
OR4C6,0.0020904853
OGDHL,0.0020827488
ZNF292,0.0020502273
VWF,0.002043737
ARID2,0.0020416947
ITSN1,0.0020076188
TACC2,0.0020011575
FAM47A,0.0019979612
WDR17,0.0019930506
TRPA1,0.0019834635
HECW1,0.0019776528
UGT2B4,0.001964319
PLCG2,0.001962853
EPHA5,0.0019474257
PCDHA7,0.0019469828
SYCP2,0.0019455829
HRNR,0.0019449517
USF3,0.0019383987
PTPRS,0.0019238604
BSN,0.0019099273
COL9A1,0.0018978807
NOS1,0.0018922875
ZBED9,0.0018724637
ASTN2,0.0018714911
COL11A2,0.0018660568
MYH15,0.0018382287
CDHR2,0.0018380977
GPR179,0.0018288849
PCDHB14,0.0018282363
GLI3,0.0018277781
MAST4,0.0018060384
GRIA3,0.0018041536
SPTBN4,0.0018000203
SLITRK2,0.0017934082
SEMA5B,0.001793271
DCAF4L2,0.001791191
GABRG1,0.0017905099
POM121L12,0.0017902622
COL5A3,0.0017881853
SNRNP200,0.0017812323
FSHR,0.0017770672
KIAA1109,0.0017752814
CENPE,0.0017748132
ZFC3H1,0.0017707928
KNL1,0.0017685408
RASGRF1,0.0017522618
PRDM16,0.0017405561
RIF1,0.0017363664
MYH3,0.001735341
EP300,0.0017348144
OR5D18,0.0017305547
PLCH1,0.0017274678
IQGAP2,0.001726934
AFF2,0.0017209979
SPTBN1,0.0017179959
TMEM132D,0.0017055044
NLGN4X,0.0017037801
DOCK4,0.001701479
DSC3,0.0016917243
DOP1B,0.0016890297
SNAP91,0.0016869155
RAPGEF2,0.001685471
DMBT1,0.0016821569
UNC79,0.0016748456
SVEP1,0.0016625555
ALPK2,0.0016557551
RANBP2,0.0016509165
PDILT,0.0016496499
PHLDB2,0.0016463399
TNXB,0.0016398316
TENM1,0.001637608
MCF2,0.0016315922
FNDC1,0.0016262417
CDH18,0.0016261175
TECTA,0.0016220722
TFAP2D,0.0016196767
HIVEP1,0.0016162047
SORCS1,0.0016160602
CNOT1,0.0016097919
NEXMIF,0.0016005374
DNAH2,0.001582629
MGA,0.0015675683
BRWD3,0.0015533894
EXPH5,0.0015502926
SCN8A,0.0015399057
KDR,0.0015236306
CACNA1F,0.0015130864
REV3L,0.0015101604
ITGA8,0.0015032582
OR5D13,0.0014999622
GABRB2,0.0014912656
NRXN2,0.0014853642
C8B,0.0014817548
CHD9,0.0014805282
IRS4,0.0014789401
GPR158,0.0014774739
CASS4,0.0014741581
NYNRIN,0.00145906
PKD1L1,0.0014567865
PHF3,0.0014556467
NELL2,0.0014524648
MBD5,0.0014505375
MYBPC1,0.0014493074
KIF21A,0.0014488485
ESPL1,0.0014336156
COL4A5,0.0014326286
LINGO2,0.0014288209
ITGAL,0.0014235473
TPTE,0.0014182273
NOTCH4,0.0014111847
MTCL1,0.0014094516
KCNB1,0.0014067782
DYSF,0.0014058935
TCF20,0.0014026891
DCDC1,0.0014023549
CALCR,0.0014002183
COL21A1,0.0013912704
EPHA3,0.0013853081
OR5L1,0.0013756852
BDP1,0.001374045
VWA3B,0.0013735968
IGSF10,0.001370051
XYLT1,0.0013622603
AFF3,0.0013549553
PDE3A,0.0013546564
MYOF,0.0013489685
KIF2B,0.0013433311
ZFYVE26,0.0013419181
ACACB,0.0013379673
PCDHB6,0.0013217997
COL1A2,0.001320831
KNDC1,0.0013201233
GRM5,0.0013167922
TRHDE,0.001314933
KCNH7,0.001314276
NLRP12,0.001310941
HDAC9,0.0013097147
MYH11,0.0013063229
BAZ2B,0.0012984222
LRP4,0.0012942817
CNTN1,0.0012545219
NCAM2,0.0012498938
OR2T33,0.0012419646
PCDH7,0.0012416936
LCOR,0.0012328194
TRIP12,0.0012225828
ADAMTS5,0.0012221293
PPFIA2,0.0012158775
SLITRK6,0.0012157619
C6,0.0012072773
EVPL,0.0011974821
KIAA1210,0.0011970818
MECOM,0.0011959297
SIPA1L3,0.0011942236
COL4A4,0.0011937513
KALRN,0.001192167
CDH23,0.0011841655
ABCB1,0.0011788891
CHD3,0.0011729074
ROBO1,0.0011694299
SULF1,0.0011595273
DMXL1,0.0011579396
MUC2,0.0011571773
RNF17,0.0011521431
CENPF,0.0011494741
CDH7,0.0011488796
SLC39A12,0.001143713
COL5A2,0.001142488
LRFN5,0.001137035
NOL4,0.0011350309
TNIK,0.0011341636
DOCK10,0.0011308426
MYO9A,0.0011244911
DSG4,0.0011226225
PTPRC,0.0011182625
PCDHA1,0.0011061009
KIF21B,0.00110525
SFMBT2,0.0010990587
PCDH17,0.0010937895
SLC26A7,0.0010883205
PCDHGA3,0.0010875674
TEP1,0.0010860509
SAGE1,0.0010821003
DMXL2,0.0010776914
DAB1,0.0010754345
NRXN3,0.0010715647
RFX6,0.0010710539
FANCM,0.0010709118
CIITA,0.0010696872
CD163L1,0.0010648373
OTOF,0.0010627857
LTBP1,0.001055359
KCNA4,0.0010477543
UGT3A1,0.0010462077
TAF1,0.0010318392
TRPM1,0.0010303556
ADAMTS20,0.0010251149
UTRN,0.0010237942
ANKHD1-EIF4EBP3,0.0010096092
ST18,0.0010090052
DLC1,0.0010072931
CAMTA1,0.0010067042
TPO,0.001006686
TLL1,0.0010038168
TG,0.0009970523
LRRK1,0.0009932927
TRPM2,0.0009924192
MYT1,0.0009824954
DICER1,0.0009820323
ADAM23,0.0009813494
CARD11,0.0009785818
DSCAML1,0.0009702522
HERC2,0.00096878974
HERC1,0.00096502807
KIF16B,0.00096114463
MAP3K19,0.0009561087
ITPRID1,0.0009548038
MEGF8,0.00095264334
SEZ6L,0.000951201
RTL9,0.0009491574
FER1L6,0.00094369735
PGK2,0.0009364361
PLG,0.00092935
KIAA1217,0.0009212352
SLC9C2,0.00091411255
MYH1,0.00091131753
PDE4DIP,0.0009094823
MROH7,0.00090907875
ANKRD11,0.0009046264
SIM1,0.0009029392
ATP7A,0.0009022089
ADCY1,0.00090208714
MYO7B,0.00089453696
ITIH5,0.0008865513
GRID2,0.0008842395
MRC1,0.0008841416
CNTN3,0.00088356255
MORC1,0.000880574
MYH7,0.000878857
EPG5,0.0008684198
NLRP3,0.0008678528
MAGEC1,0.0008647935
CATSPERB,0.0008608581
HTT,0.0008593554
MYO16,0.00085655204
ATRNL1,0.0008543462
PXDNL,0.00084831304
PCDH10,0.00084826327
DDX60,0.00084657565
CUX1,0.00083878136
AMER1,0.000834033
NOTCH2,0.0008320289
NUP214,0.00082852977
DCAF12L2,0.00082703104
PCNX2,0.0008260591
CRACD,0.00081418623
ABCA8,0.00081169035
PRRC2B,0.0008047554
ITPR1,0.00080121687
KCNA5,0.0007985721
PLXNB2,0.00079849816
KCNH1,0.0007955813
PPRC1,0.000794971
PAK5,0.00078369625
PCDHA8,0.0007835757
PCDHA9,0.0007833425
STAB1,0.0007805061
HECW2,0.0007798049
MYH7B,0.000779329
PPP1R3A,0.00077817077
PEAK1,0.000777339
C2CD3,0.0007765071
WNK3,0.0007716024
SPATA31D1,0.0007699328
THBS2,0.000769193
SUPT6H,0.0007689171
PCDH18,0.0007512158
ZNF835,0.0007470387
MAGI2,0.0007468403
VPS13A,0.00074334134
PLXNA2,0.0007430616
ZFPM2,0.0007427219
ZIC1,0.0007398016
ADAM18,0.0007343777
ADGRF5,0.00073310337
C3,0.00072937587
LRRC7,0.00072721427
FSIP2,0.0007252749
SCN3A,0.0007233313
SLITRK3,0.0007197765
CTTNBP2,0.00071728346
ANKRD30A,0.00071503455
PRRC2A,0.00070769
EIF4G3,0.00070644834
SRRM2,0.00070250814
ZNF479,0.0006965743
MYOCD,0.0006943377
ALPK3,0.00069261965
EPHB1,0.0006864049
PCDHB7,0.00068613066
TRIOBP,0.00068477454
GFRAL,0.00067905744
KMT2E,0.0006763021
SLCO1B1,0.0006749549
NLRP2,0.0006746743
PLB1,0.0006694956
BCL9L,0.0006690052
MUC4,0.00066231884
PTPRZ1,0.0006612211
PCDHA5,0.00065490947
NCOA3,0.00065212045
SIPA1L2,0.00064947124
IFT172,0.0006494571
PCDHB8,0.0006490783
ABCA9,0.00064099446
STYXL2,0.00063977105
MAP2,0.00063911034
GLI2,0.00063752435
ATP9A,0.0006362001
SDK2,0.00063224934
A1CF,0.00063142687
KIAA1755,0.00062588387
LAMC1,0.0006221287
CELSR2,0.00062189705
SNCAIP,0.00061671616
LRRK2,0.00061367644
SGIP1,0.0006131626
CNKSR2,0.000611781
USP6,0.00061089685
DOP1A,0.00060869043
NES,0.00060502806
MIA3,0.0006047697
ADAMTS16,0.0005973452
STAG2,0.00059734186
CTNND2,0.0005944807
PCDHGB2,0.0005939794
SPATA31A1,0.00059364643
KCNH5,0.0005929801
SVIL,0.00059228414
PRKCB,0.0005922699
TIAM1,0.0005884487
LRBA,0.0005846706
PCDHB12,0.00058448495
HIVEP3,0.0005829849
RNF213,0.00058240205
WNK1,0.00057674095
ZNF521,0.0005745226
OR4C15,0.00057420845
STK31,0.0005623972
SLC9A4,0.00056189107
ADAMTS7,0.00055922463
FLNA,0.0005545498
THSD7A,0.0005536748
NOTCH1,0.00055204466
KANK4,0.0005453906
CNTNAP2,0.000544665
ARFGEF1,0.00054241903
DNAH1,0.0005416426
PCDHB2,0.0005387609
KLHL4,0.0005383029
NLRP4,0.0005356725
CEP170,0.0005356262
ZC3H13,0.00052809785
SAMD9L,0.000525401
CACNA1A,0.0005175271
GOLGB1,0.00051384646
CPAMD8,0.000513203
PATJ,0.0005074944
CACNA1D,0.00050728983
MAGEB6B,0.0005041449
RALGAPA2,0.0005038998
ADGRL2,0.0005034951
UBR5,0.00050308934
KIAA1549,0.0005030758
NLRP7,0.00049525267
SPTBN5,0.00048579244
SLC8A3,0.00047898805
OTOGL,0.00047762913
GCN1,0.0004752575
NAV2,0.00047520007
SMCHD1,0.00047425364
MYO3B,0.00047404517
KSR2,0.00047385966
SPTBN2,0.00047244795
COL2A1,0.00046897164
SLITRK1,0.0004679717
CRYBG1,0.00046474024
HHIPL2,0.00046330094
CCNB3,0.00046217412
PLCB1,0.00046155867
ATP8B4,0.00045764653
ARHGAP36,0.00045606997
SLITRK5,0.00045555993
TMEM200A,0.00045443035
CDH19,0.0004491387
ZNF407,0.00044466657
SCN7A,0.00044432003
NCOR2,0.00043971275
NCAN,0.00043881408
CTNNA3,0.00043658828
CCDC141,0.00043564543
STXBP5L,0.0004327841
TMEM132B,0.00043052156
CACNA2D1,0.00043016498
RBBP6,0.0004282336
TJP1,0.00042783993
TMPRSS15,0.0004278036
UNC13A,0.0004228548
LAMC3,0.00042049796
MED13,0.00041817618
FHOD3,0.00041527205
ASXL1,0.00041501445
PCSK5,0.00040910227
ZNF462,0.00040884956
CYLC1,0.00040756547
BRINP2,0.00040537954
MED12L,0.00040470195
EP400,0.0004018789
PHKA1,0.00040050442
DLGAP2,0.00039966783
NAALAD2,0.00039953506
TRPM3,0.0003986819
NLRP13,0.0003938722
MED13L,0.00039366767
ITPR2,0.00038988946
TRPC6,0.00038963326
RGS12,0.0003878405
PIK3C2G,0.00038644255
ARHGAP32,0.00038488145
OR6F1,0.00038451905
MME,0.00038428296
MUC3A,0.00038320926
CCDC73,0.0003811319
PTPRK,0.00037779313
LPA,0.00037683023
ABCB4,0.0003764342
TRPC5,0.00037623433
TNC,0.00037622874
EYS,0.00037611986
TMC5,0.00037334693
UTP20,0.0003706454
ADGRL4,0.0003670614
DIP2C,0.0003635677
FILIP1,0.00035983595
L1CAM,0.0003593597
UMODL1,0.0003587872
NEBL,0.00035639445
LTBP2,0.0003547539
CACNA1I,0.0003528842
CCDC178,0.00035063084
ABCC12,0.00035031367
WDR49,0.00034903522
MARCO,0.00034878182
CNGB3,0.00034787413
ABCB5,0.00034589195
ATP13A5,0.00034568543
PPARGC1A,0.00034107768
TRPV5,0.0003407221
NLRC5,0.00034045518
SEMA3A,0.00033949112
HELZ,0.00033949054
KIF26B,0.00033920142
CNTN5,0.00033881143
BNC2,0.0003343989
NUP210L,0.00033148547
NLRP14,0.0003287105
RGS22,0.00032832302
ROBO2,0.00032675784
FLT3,0.00032662126
CHL1,0.00032518207
DCC,0.00032479866
PMFBP1,0.00032451644
ASCC3,0.00032342816
KCNT1,0.0003228247
PLCE1,0.00032208665
SORL1,0.00032202617
FAM171A1,0.00032044467
PLEKHG4B,0.00031958547
SEMA5A,0.00031780193
SP140,0.00031706912
SIGLEC10,0.00031455874
MYH14,0.00031441648
SEMA3E,0.00030887386
PKP2,0.00030811853
BCL9,0.00030783218
CACNA1G,0.00030618478
CDH6,0.00030611336
CNTN4,0.00030304343
ARHGAP5,0.00030147488
ATG2B,0.00030124653
ZP4,0.0002987069
PLXNA1,0.00029638992
PRPF8,0.00029354365
ANO5,0.00029288605
POLE,0.00028776852
PCDH19,0.00028518884
MMRN1,0.00028425796
KAT6B,0.00028313955
TPTE2,0.0002828153
FLT4,0.00028257104
SLIT2,0.00028176056
SELP,0.00027856318
ROBO3,0.00027696416
FLNC,0.0002764058
CEP250,0.00026545368
SNTG1,0.00026401918
FBXL7,0.00026350678
CNTN6,0.00026322424
SLC4A10,0.00026243375
LAMB4,0.00026100568
ANO2,0.0002608808
TPR,0.00026081066
SPTAN1,0.00025992375
CLSTN2,0.000259571
PDE11A,0.0002587609
BCOR,0.00025829443
ACSM2B,0.0002581074
CGNL1,0.00025748496
OR8H2,0.00025611342
HELZ2,0.0002554973
ATP8A2,0.00025089376
SLC12A1,0.00024949817
GRIN3A,0.0002485211
CPED1,0.00024746364
SRGAP1,0.0002463085
ADCY10,0.0002448906
DSG1,0.00024299842
HEATR1,0.0002425191
OVCH1,0.00024035214
COL24A1,0.00023967843
PIWIL1,0.00023930287
PCDHA2,0.00023717835
STAB2,0.00023568742
MYH13,0.00023345818
CEP290,0.00023327603
SPAG17,0.00023050151
GPRC6A,0.0002289674
CCDC39,0.00022734789
EVC2,0.0002228601
OR4A15,0.00021971957
CELSR3,0.00021714547
ANKRD26,0.0002164213
SETBP1,0.00021471438
SIGLEC8,0.00021391487
CEP192,0.0002119043
FRY,0.0002102934
GREB1,0.00020999243
ST6GAL2,0.00020658552
CHRM2,0.00020643008
FGFR2,0.00020623032
PTPRO,0.00020621218
PDZRN3,0.00020490667
CHD5,0.00020421279
ARHGEF11,0.00020418418
SATB2,0.00020089396
ATP1A4,0.00020022516
NYAP2,0.0001986102
NPHS1,0.00019772694
DIDO1,0.00019724165
SEMA6D,0.00019683492
GABRA4,0.00019649552
ADAMTS3,0.00019646154
ACSM2A,0.00019480618
MYO5B,0.00019477519
LRRC66,0.00019329735
FN1,0.00019285224
ATP2B3,0.00019090656
COL15A1,0.00019026488
VWA8,0.00019022002
IL1RAPL1,0.00018976475
FAM71B,0.00018755229
ITPR3,0.00018747878
PAPPA,0.00018702708
SLC9A2,0.00018537344
PCDHB16,0.00018529105
COL3A1,0.00018513719
ZNF99,0.00018482278
LRRIQ1,0.00018293128
TNRC6B,0.00018037773
HGF,0.00018007123
CCT8L2,0.0001789537
IMPG1,0.0001788285
TMEM131,0.00017371913
XIRP1,0.00017302463
KDM5A,0.00017296826
EPPK1,0.00017271125
ZNF638,0.00017151966
COL19A1,0.00017074402
BIVM-ERCC5,0.0001702919
EGFLAM,0.00016884806
MYO3A,0.0001681327
NHS,0.00016747895
MAGI1,0.00016609399
LRRIQ3,0.00016523022
NLRP9,0.00016512236
COL27A1,0.00016311782
PTPN13,0.000160108
DGKI,0.00015757188
NME8,0.00015734602
SYNPO2,0.00015654384
MCF2L2,0.00015413896
MICAL2,0.00015320681
GOLGA3,0.00015313327
MTUS2,0.00015252188
PREX1,0.00015168363
ALK,0.0001500695
MYLK,0.00015000413
DDX60L,0.00014618128
INSR,0.00014472457
OR5T2,0.0001428031
ITIH6,0.0001421721
TCHHL1,0.00014090374
IGF2R,0.00014066434
JMJD1C,0.00014023672
OR2L3,0.00013993178
KCNU1,0.00013989043
MYH6,0.00013988634
MAP1B,0.00013857674
MAP3K4,0.000137654
SLITRK4,0.00013706533
MIA2,0.00013542025
TLL2,0.00013310259
COL5A1,0.00013296034
RUNX1T1,0.0001302943
FCRL1,0.0001298811
ELMO1,0.00012807215
ARHGAP21,0.00012679215
SGSM1,0.00012623073
TNS1,0.0001260767
ACSS3,0.00012518288
FGA,0.0001249817
ERC2,0.0001241636
TSHZ2,0.00012224204
KCNH8,0.00012103417
ATG2A,0.00012066874
KCNQ3,0.00012065119
BRWD1,0.00012037479
COL1A1,0.00012033
ATAD2,0.00011907376
PRKD1,0.00011855301
ADAM28,0.00011694091
UHRF1BP1L,0.000116702875
MYOM3,0.000116671734
ADAMTS19,0.00011549227
AGL,0.000113727976
NRG3,0.00011301864
GABRA1,0.00011270466
NRAP,0.00011064776
TEX14,0.00010689319
NSD1,0.00010595548
CTAGE1,0.000105611725
CDH12,0.00010454016
RIMBP2,0.00010448657
TRPC7,0.00010395048
SIGLEC1,0.00010144852
ABCA5,0.000101020945
AMPH,0.00010085615
ARFGEF3,0.00010082666
ZZEF1,0.00010002984
IL18RAP,9.866841e-05
IQGAP3,9.7552664e-05
C10orf71,9.703748e-05
PKDREJ,9.529602e-05
PCDHA12,9.499679e-05
INSRR,9.463152e-05
GPATCH8,9.4602176e-05
NDST4,9.282515e-05
SAMD9,9.174859e-05
BPTF,8.997177e-05
DLG2,8.88173e-05
NCKAP1L,8.766794e-05
CACNA2D3,8.709693e-05
TKTL2,8.589955e-05
NOTCH3,8.5570275e-05
SLC5A8,8.497536e-05
KCNH6,8.417914e-05
ABCA6,8.38565e-05
CHGB,8.3744475e-05
BOD1L1,8.322536e-05
MICAL3,8.3196246e-05
A2ML1,8.0946666e-05
NLRP11,7.927498e-05
RBP3,7.6794684e-05
GRID1,7.6179516e-05
KIAA1549L,7.5880234e-05
FLT1,7.371862e-05
OR4M1,7.3546005e-05
EPHA7,7.3365394e-05
ASXL2,7.319734e-05
CORIN,7.271024e-05
GUCY2C,7.117173e-05
XDH,7.109816e-05
ZNF98,7.0391885e-05
NTRK3,6.8375506e-05
ITGA4,6.824787e-05
DPP6,6.768844e-05
NLRP1,6.762309e-05
PDE10A,6.682334e-05
KDM5B,6.6592664e-05
VPS13D,6.607449e-05
LIFR,6.604302e-05
PRG4,6.574469e-05
KANSL1,6.55489e-05
ZIM3,6.484861e-05
AFDN,6.465989e-05
PTPRH,6.392753e-05
MYO18A,6.384848e-05
TDRD6,6.383056e-05
USP29,6.273576e-05
MYH9,6.272801e-05
ABCC8,6.133692e-05
F13B,6.0190276e-05
PLCL2,5.936326e-05
KDM3B,5.885343e-05
DOCK8,5.8681286e-05
ABCC11,5.8452533e-05
FRYL,5.7846853e-05
ADGRB1,5.783618e-05
PARD3B,5.7657635e-05
PCDHGA8,5.6443438e-05
SPAM1,5.5892913e-05
ATP1A2,5.5132867e-05
FAM83B,5.4401116e-05
MKRN3,5.337854e-05
CDH20,5.331189e-05
ACACA,5.308097e-05
NOVA1,5.1275496e-05
TRIO,5.061765e-05
SRGAP3,5.0587183e-05
ITIH2,5.038746e-05
DOCK7,4.958223e-05
MYOM1,4.921874e-05
PXDN,4.866334e-05
PLXND1,4.835579e-05
CHD8,4.7858168e-05
FRMPD2,4.7599788e-05
DGKB,4.6901663e-05
NPC1L1,4.6890178e-05
EML5,4.5339515e-05
FRMPD3,4.506977e-05
WNK2,4.5017892e-05
CWH43,4.4432174e-05
LRP12,4.4000753e-05
OR2M5,4.3806776e-05
ROCK1,4.3222026e-05
XRN1,4.2630083e-05
SLCO5A1,4.2137402e-05
EPHA6,4.1972904e-05
NELL1,4.1586958e-05
CLCA4,4.1133604e-05
DSC1,4.1122217e-05
BMPER,4.0991275e-05
TANC2,4.013036e-05
PLCL1,4.01284e-05
SLIT1,3.9372473e-05
GUCY1A2,3.8226906e-05
ITGAX,3.7531125e-05
PRRC2C,3.7310558e-05
SHANK1,3.70857e-05
PLXNA3,3.5894325e-05
CDH11,3.5389538e-05
CR2,3.5243935e-05
SLC44A5,3.4356337e-05
OR2T12,3.319873e-05
ZNF711,3.275918e-05
GABRA2,3.2604243e-05
PCDHA4,3.2088003e-05
RAD51AP2,3.175135e-05
RPTN,3.0131268e-05
USP26,3.0008547e-05
CDH4,2.9887726e-05
CEP350,2.9798317e-05
RALGAPB,2.9030643e-05
TTBK1,2.8963324e-05
PPP4R4,2.8866638e-05
ZNF91,2.7865217e-05
NUP205,2.7694834e-05
ARMC4,2.7114918e-05
ABCC9,2.6812599e-05
ITGAD,2.6660335e-05
LVRN,2.6548147e-05
MDGA2,2.6406688e-05
MARK1,2.6392647e-05
SHANK2,2.6237813e-05
RASAL2,2.6087957e-05
THOC2,2.5921521e-05
TRPC4,2.588675e-05
ATP1A3,2.5450096e-05
DUOX2,2.4796482e-05
POSTN,2.450415e-05
OR2M3,2.374485e-05
ABCA10,2.1577644e-05
TP63,2.116106e-05
TRPM8,2.090953e-05
SLC12A5,2.0810565e-05
TET3,2.0425978e-05
COL28A1,1.97294e-05
MAGEL2,1.9373945e-05
WDR7,1.916985e-05
ANKS1B,1.9124469e-05
CADPS,1.8867848e-05
AKAP13,1.8815217e-05
GRM6,1.8170724e-05
LEPR,1.8094152e-05
PCDHGA6,1.7279057e-05
NWD1,1.6890981e-05
OR6K2,1.6289843e-05
CEP128,1.4847472e-05
KIF1A,1.41493965e-05
ZBTB20,1.3963431e-05
ZEB2,1.3048672e-05
PCDHB4,1.2933023e-05
ATP2B2,1.2900527e-05
SCN4A,1.2834041e-05
PKD1,1.281781e-05
AOX1,1.1943097e-05
LAMB1,1.128537e-05
HIVEP2,8.469154e-06
C2orf16,7.899645e-06
PCDHGA1,7.196438e-06
CFAP65,5.047562e-06
SLC27A6,0.0
SALL4,0.0
ROBO4,0.0
SLC4A3,0.0
PCNX1,0.0
PCF11,0.0
PCDHGB3,0.0
PCDHGA4,0.0
PDE1C,0.0
PDZRN4,0.0
PLA2R1,0.0
PIKFYVE,0.0
POTEE,0.0
PLEKHH2,0.0
POTEF,0.0
PPP1R9A,0.0
PTCHD3,0.0
PTCHD4,0.0
SLX4,0.0
SMARCA2,0.0
NUP98,0.0
SPG11,0.0
OR4Q3,0.0
NUTM1,0.0
OR2L13,0.0
OR2G6,0.0
PCDHB13,0.0
PCDHB10,0.0
PCDHA11,0.0
PCDHA13,0.0
PASD1,0.0
PCDHAC1,0.0
PCARE,0.0
PCDHB9,0.0
PCDH9,0.0
PCDHB1,0.0
MEGF10,0.0
SYCP1,0.0
MUC5AC,0.0
NCAM1,0.0
NLRP10,0.0
NID2,0.0
NID1,0.0
RGS7,0.0
PYHIN1,0.0
PZP,0.0
PROS1,0.0
PROX1,0.0
RALGAPA1,0.0
RET,0.0
PTPRR,0.0
PTPRU,0.0
SLCO1C1,0.0
SLCO1B3,0.0
SLC5A7,0.0
A2M,0.0
SHROOM3,0.0
SIPA1L1,0.0
SEMA3D,0.0
SHROOM4,0.0
SLC17A6,0.0
ROR2,0.0
ZSWIM2,0.0
ZNF676,0.0
SLC14A2,0.0
ABCA7,0.0
ZNF560,0.0
ABCB11,0.0
TIAM2,0.0
THEMIS,0.0
ITGB4,0.0
TET1,0.0
KCND2,0.0
KCNJ3,0.0
KCNQ5,0.0
KATNIP,0.0
KIF13A,0.0
KIDINS220,0.0
KIAA0319,0.0
KIF1B,0.0
LRFN2,0.0
LMO7,0.0
LHCGR,0.0
KNTC1,0.0
MGAT4C,0.0
MDC1,0.0
LY75,0.0
MAGEC2,0.0
LILRB1,0.0
LRRTM4,0.0
NUP210,0.0
NLRP5,0.0
NFASC,0.0
GABRB3,0.0
HCFC1,0.0
IGSF9B,0.0
HFM1,0.0
HEPHL1,0.0
GRM7,0.0
IL7R,0.0
TRIM58,0.0
TRIM42,0.0
TRERF1,0.0
TP53BP1,0.0
FGD5,0.0
TOGARAM1,0.0
FCRL5,0.0
EPHB6,0.0
DSEL,0.0
DSC2,0.0
ENAM,0.0
DNAJC13,0.0
ELOA2,0.0
EPRS1,0.0
EYA4,0.0
EFCAB6,0.0
CR1,0.0
GABRG2,0.0
GIMAP8,0.0
GALNT13,0.0
FLNB,0.0
FLRT2,0.0
FREM1,0.0
GPC5,0.0
FCRL3,0.0
HEATR5B,0.0
HECTD1,0.0
GRIK1,0.0
GRIK2,0.0
GRIK3,0.0
TNRC6A,0.0
GTF3C1,0.0
CFHR5,0.0
CFAP43,0.0
UGT2B15,0.0
UGT2B28,0.0
TUBA3C,0.0
CHRM3,0.0
CIT,0.0
TSPOAP1,0.0
COL4A3,0.0
COL4A2,0.0
COL20A1,0.0
COBL,0.0
DCAF8L1,0.0
DLGAP3,0.0
TRPC3,0.0
CDK5RAP2,0.0
CARD6,0.0
CACNA2D4,0.0
CASZ1,0.0
CASR,0.0
C7,0.0
CACNA1S,0.0
BRINP1,0.0
CFTR,0.0
CDH2,0.0
CD109,0.0
CECR2,0.0
UNC45B,0.0
USP24,0.0
VCAM1,0.0
CDH8,0.0
CHAT,0.0
ATP12A,0.0
ATP10D,0.0
VIRMA,0.0
BNC1,0.0
AXDND1,0.0
BCHE,0.0
C12orf40,0.0
BTBD11,0.0
C2orf78,0.0
ASAH2,0.0
ARHGAP31,0.0
ANKFN1,0.0
ANO3,0.0
ANKRD17,0.0
ARPP21,0.0
ATP13A4,0.0
AKAP11,0.0
YLPM1,0.0
AMER3,0.0
ALMS1,0.0
ADCY5,0.0
ADGRE1,0.0
AGBL1,0.0
AMPD1,0.0
ADAM7,0.0
ADAMTS6,0.0
ADAMTSL1,0.0
ADAMTS9,0.0
ADAMTSL3,0.0
ACAN,0.0
ADAM2,0.0
ZNF318,0.0
